AC581|hubert1995|agh23|Hubert|Struminski|4|Spokojna 24/7|hubert.struminski@gmail.com|
DE328|maciek32|codecool|Maciej|Paluszkiewicz|4|Czarnowiejska 12/53|maciej.paluszkiewicz@gmail.com|
BR968|franiczio|wow123|Michal|Franelak|4|Wrocławska 7/21|franiczio@franelak.pl|
PG418|englert53|cracovia87|Piotr|Englert|4|Os. Podwawelskie 65/11|piotr.englert@o2.pl|
TX295|maven20|java67|Zbyszek|Nowak|4|Sosnowiecka 43/17|zbyszek.nowak@gmail.com|
sd|	qwe|qwer|qwer|qwer|4|qwer|qwer|
asdf|asdf|asdf|adsf|adf|4|asdf|adsfqwer|
